timestamp,word,topic,mission,user_sentence,pass_status,feedback,better_sentence,praise
2026-04-01T06:27:18.957733+00:00,무연하다,사업,"[주제: 사업] 단어 '무연하다'를 반드시 포함해 한 문장을 작성하세요.
- 뜻: 어떤 대상이나 개념과 아무런 관련이나 인연이 없다, 서로 연결되지 않은 상태를 뜻한다.
- 상황 힌트: 겉과 속, 의도와 결과처럼 연결되지 않은 관계를 비판적으로 지적할 때 유용해요.
- 조건: 문장은 1문장, 너무 길지 않게, 실제 대화/업무에서 쓸 수 있게 작성",저는 오늘 무연하다라는 표현을 회의에서 자연스럽게 사용해 봤어요.,pass,"좋아요. '무연하다'를 문장 안에서 자연스럽게 사용했어요. 뜻('어떤 대상이나 개념과 아무런 관련이나 인연이 없다, 서로 연결되지 않은 상태를 뜻한다.')도 흐름상 잘 맞습니다. (비슷한 말: 무관하다, 관련 없다, 동떨어지다)",저는 오늘 무연하다라는 표현을 회의에서 자연스럽게 사용해 봤어요.,아주 잘 썼어요! 실제 상황에서도 충분히 통할 표현이에요.
2026-04-01T06:30:41.696276+00:00,부침이 있다,아이디어,"[주제: 아이디어] 단어 '부침이 있다'를 반드시 포함해 한 문장을 작성하세요.
- 뜻: 상황이나 성과가 잘될 때와 어려울 때가 번갈아 나타나다, 일정하지 않고 오르내림이 있다는 뜻이다.
- 상황 힌트: 사업·성과·관계처럼 시간 흐름 속 변화를 담담하게 설명할 때 잘 어울려요.
- 조건: 문장은 1문장, 너무 길지 않게, 실제 대화/업무에서 쓸 수 있게 작성",사업은 매출에 부침이 있기 마련이니까 사업자라면 항상 검소하게 생활해야 하고 일상을 가다듬어야 한다.,improve,"핵심 단어 '부침이 있다'가 문장에 직접 들어가지 않았어요. 이번 미션에서는 해당 단어를 반드시 포함해 보세요. (비슷한 말: 기복이 있다, 변동이 있다, 오르내림이 있다)","부침이 있다의 의미를 떠올리며, 지금 상황을 한 문장으로 다시 써보세요.",
2026-04-01T06:33:00.695087+00:00,재기,아이디어,"[주제: 아이디어] 단어 '재기'를 반드시 포함해 한 문장을 작성하세요.
- 뜻: 생각이나 표현, 발상이 새롭고 기발하며 기운이 넘치는 성질을 말한다. 주로 창작물이나 아이디어의 신선함을 평가할 때 쓰인다.
- 상황 힌트: 글·기획·아이디어처럼 새로움이 가치가 되는 대상을 평가할 때 적절해요.
- 조건: 문장은 1문장, 너무 길지 않게, 실제 대화/업무에서 쓸 수 있게 작성",나의 다음 프로젝트는 재기가 넘치는 아이디어라서 상상만으로도 기대되어 설레임을 감출 수가 없다.,pass,"좋아요. '재기'를 문장 안에서 자연스럽게 사용했어요. 뜻('생각이나 표현, 발상이 새롭고 기발하며 기운이 넘치는 성질을 말한다. 주로 창작물이나 아이디어의 신선함을 평가할 때 쓰인다.')도 흐름상 잘 맞습니다. (비슷한 말: 기발함, 참신함, 신선함)",나의 다음 프로젝트는 재기가 넘치는 아이디어라서 상상만으로도 기대되어 설레임을 감출 수가 없다.,아주 잘 썼어요! 실제 상황에서도 충분히 통할 표현이에요.
2026-04-01T06:50:23.927406+00:00,자못,아이디어,"[주제: 아이디어]
기획 초안 검토 중, 평범한 접근을 뒤집는 발상이 등장했습니다. 그 가치를 표현하는 한마디를 만들어보세요.
참고 맥락: 기대보다 수준이나 정도가 높을 때 사용해요.
이 장면에서 '자못'를 자연스럽게 넣어 한 문장을 써보세요.

(뜻 참고: 생각보다 꽤나, 제법, 상당히라는 뜻으로, 정도가 예상보다 크거나 인상적임을 부드럽게 강조할 때 쓰인다.)",지루한 시간이 계속 되다가 자못 놀라운 아이디어가 담긴 기획안을 발견하고는 정신이 번쩍 들었다.,pass,"좋아요. '자못'를 문장 안에서 자연스럽게 사용했어요. 뜻('생각보다 꽤나, 제법, 상당히라는 뜻으로, 정도가 예상보다 크거나 인상적임을 부드럽게 강조할 때 쓰인다.')도 흐름상 잘 맞습니다. (비슷한 말: 제법, 꽤, 상당히)",지루한 시간이 계속 되다가 자못 놀라운 아이디어가 담긴 기획안을 발견하고는 정신이 번쩍 들었다.,아주 잘 썼어요! 실제 상황에서도 충분히 통할 표현이에요.
2026-04-01T06:55:03.920532+00:00,소구점,브랜딩,"[주제: 브랜딩]
브랜드 리뉴얼 워크숍에서 새 메시지 시안이 공개됐습니다. 방향성이 맞는지 한 문장으로 평가해야 합니다.
참고 맥락: 기획서·마케팅·서비스 소개처럼 선택 이유를 설명해야 할 때 쓰면 정확해요.
이 장면에서 '소구점'를 자연스럽게 넣어 한 문장을 써보세요.

(뜻 참고: 대상의 관심이나 행동을 끌어내는 핵심 매력 요소, 즉 선택을 유도하는 포인트.)",새 메시지는 이번 브랜드 리뉴얼 컨셉에 맞게 귀여우면서도 힙한 감성을 건드려 구매로 이어질 수 있는 소구점을 잘 담고 있다.,pass,"좋아요. '소구점'를 문장 안에서 자연스럽게 사용했어요. 뜻('대상의 관심이나 행동을 끌어내는 핵심 매력 요소, 즉 선택을 유도하는 포인트.')도 흐름상 잘 맞습니다. (비슷한 말: 강점, 매력 포인트, 차별 요소, 핵심 가치)",새 메시지는 이번 브랜드 리뉴얼 컨셉에 맞게 귀여우면서도 힙한 감성을 건드려 구매로 이어질 수 있는 소구점을 잘 담고 있다.,아주 잘 썼어요! 실제 상황에서도 충분히 통할 표현이에요.
2026-04-01T06:57:52.813767+00:00,안이하다,브랜딩,"[주제: 브랜딩]
캠페인 회고 자리에서 어떤 표현이 고객 반응을 바꿨는지 논의 중입니다. 핵심을 집어내는 문장이 필요합니다.
참고 맥락: 판단·대응·태도를 비판적으로 돌아볼 때 적합해요.
이 장면에서 '안이하다'를 자연스럽게 넣어 한 문장을 써보세요.

(뜻 참고: 사안을 깊이 따져보지 않고 쉽게 생각하거나, 위험과 복잡성을 가볍게 여기는 태도를 뜻한다.)",과거를 떠올리게 하는 표현만으로 고객의 마음을 움직이려고 한 것은 직원의 안이한 생각이었다.,pass,"좋아요. '안이하다'를 문장 안에서 자연스럽게 사용했어요. 뜻('사안을 깊이 따져보지 않고 쉽게 생각하거나, 위험과 복잡성을 가볍게 여기는 태도를 뜻한다.')도 흐름상 잘 맞습니다. (비슷한 말: 느슨하다, 방심하다)",과거를 떠올리게 하는 표현만으로 고객의 마음을 움직이려고 한 것은 직원의 안이한 생각이었다.,아주 잘 썼어요! 실제 상황에서도 충분히 통할 표현이에요.
2026-04-01T13:52:15.829109+00:00,부침이 있다,브랜딩,"[주제: 브랜딩]
브랜드 리뉴얼 워크숍에서 새 메시지 시안이 공개됐습니다. 방향성이 맞는지 한 문장으로 평가해야 합니다.
참고 맥락: 사업·성과·관계처럼 시간 흐름 속 변화를 담담하게 설명할 때 잘 어울려요.
이 장면에서 '부침이 있다'를 자연스럽게 넣어 한 문장을 써보세요.

(뜻 참고: 상황이나 성과가 잘될 때와 어려울 때가 번갈아 나타나다, 일정하지 않고 오르내림이 있다는 뜻이다.)",브랜드 매출에는 부침이 있지만 리뉴얼의 방향성에는 크게 지장이 없을 것이다.,pass,"좋아요. '부침이 있다'를 문장 안에서 자연스럽게 사용했어요. 뜻('상황이나 성과가 잘될 때와 어려울 때가 번갈아 나타나다, 일정하지 않고 오르내림이 있다는 뜻이다.')도 흐름상 잘 맞습니다. (비슷한 말: 기복이 있다, 변동이 있다, 오르내림이 있다)",브랜드 매출에는 부침이 있지만 리뉴얼의 방향성에는 크게 지장이 없을 것이다.,표현이 안정적이고 전달력이 좋아요. 단어 선택도 정확했습니다.
2026-04-01T13:53:48.787290+00:00,세간,일상 대화,"[주제: 일상 대화]
오랜만에 만난 친구가 요즘 겪는 변화를 털어놓고 있습니다. 분위기는 편하지만 말의 무게는 가볍지 않습니다.
참고 맥락: 개인의 판단과 사회적 인식이나 통념을 대비할 때 쓰면 효과적이에요.
이 장면에서 '세간'를 자연스럽게 넣어 한 문장을 써보세요.

(뜻 참고: 일반 사람들 사이, 또는 사회 전반에서 떠도는 평판·여론·통념을 가리키는 말이다.)",경기 침체로 세간에 퍼진 흉흉한 소문은 친구의 가게 사정을 더욱 악화시키고 있었다.,pass,"좋아요. '세간'를 문장 안에서 자연스럽게 사용했어요. 뜻('일반 사람들 사이, 또는 사회 전반에서 떠도는 평판·여론·통념을 가리키는 말이다.')도 흐름상 잘 맞습니다. (비슷한 말: 대중, 일반 사회, 여론)",경기 침체로 '세간'에 퍼진 흉흉한 소문은 친구의 가게 사정을 더욱 악화시키고 있었다.,문장 완성도가 높아요. 단어의 결을 잘 살렸습니다.
2026-04-01T13:58:26.957098+00:00,준민하다,직장,"[주제: 직장]
프로젝트 리뷰 회의에서 예상보다 큰 성과가 보고되었습니다. 모두가 그 의미를 정확히 짚는 한마디를 기다립니다.
참고 맥락: 변화가 빠른 환경에서의 판단·대응 능력을 평가할 때 잘 어울려요.
이 장면에서 '준민하다'를 자연스럽게 넣어 한 문장을 써보세요.

(뜻 참고: 감각이나 판단, 움직임이 날카롭고 빠르며 상황 변화에 즉각적으로 반응하는 상태를 말한다. 주로 사고력·기민함을 강조할 때 쓰인다.)",예상보다 큰 성과로 인해 그동안 팀원들이 준민하게 움직였던 땀의 결실을 맺은 듯 했다.,pass,"좋아요. '준민하다'를 문장 안에서 자연스럽게 사용했어요. 뜻('감각이나 판단, 움직임이 날카롭고 빠르며 상황 변화에 즉각적으로 반응하는 상태를 말한다. 주로 사고력·기민함을 강조할 때 쓰인다.')도 흐름상 잘 맞습니다. (비슷한 말: 기민하다, 민첩하다, 날렵하다)","회의에서 나온 제안은 실행 전략까지 갖춘 만큼, 정말 준민하다 아이디어라고 평가할 수 있습니다.",좋은 문장이에요. 실제 대화나 업무 문맥에 바로 써도 어색하지 않습니다.
